PlayerID;Date;HeightInCm
4;10-5-2018;70
4;10-5-2018;73
4;10-5-2018;55
4;10-5-2018;55
4;10-5-2018;56
4;10-5-2018;58
4;10-5-2018;76
4;10-5-2018;67
4;10-5-2018;76
4;10-5-2018;13
4;10-5-2018;60
4;10-5-2018;61
4;10-5-2018;59
4;10-5-2018;58
4;10-5-2018;51
4;10-5-2018;64
4;10-5-2018;57
4;10-5-2018;58
4;10-5-2018;28
4;10-5-2018;58
4;10-5-2018;58
4;10-5-2018;63
4;10-5-2018;73
4;10-5-2018;75
4;10-5-2018;19
4;10-5-2018;76
4;10-5-2018;72
4;10-5-2018;72
4;10-5-2018;63
4;10-5-2018;70
4;10-5-2018;44
4;10-5-2018;22
4;10-5-2018;61
4;10-5-2018;60
4;10-5-2018;55
4;10-5-2018;62
4;10-5-2018;62
4;10-5-2018;55
4;10-5-2018;58
4;10-5-2018;61
4;10-5-2018;30
4;10-5-2018;70
4;10-5-2018;53
4;10-5-2018;48
4;10-5-2018;54
4;10-5-2018;51
4;10-5-2018;61
4;10-5-2018;32
4;10-5-2018;43
4;10-5-2018;69
4;10-5-2018;54
4;10-5-2018;53
4;10-5-2018;27
4;10-5-2018;26
4;10-5-2018;58
4;10-5-2018;68
4;10-5-2018;65
4;10-5-2018;57
4;10-5-2018;23
4;10-5-2018;13
4;10-5-2018;41
4;10-5-2018;43
4;10-5-2018;54
4;10-5-2018;62
4;10-5-2018;59
4;10-5-2018;66
4;10-5-2018;67
4;10-5-2018;32
4;10-5-2018;18
4;10-5-2018;59
4;10-5-2018;52
4;10-5-2018;48
4;10-5-2018;61
4;10-5-2018;64
4;10-5-2018;57
4;10-5-2018;36
4;10-5-2018;71
4;10-5-2018;45
4;10-5-2018;61
4;10-5-2018;42
4;10-5-2018;61
4;10-5-2018;60
4;10-5-2018;65
4;10-5-2018;63
4;10-5-2018;55
4;11-5-2018;61
4;11-5-2018;50
4;11-5-2018;22
4;11-5-2018;54
4;11-5-2018;13
4;11-5-2018;50
4;11-5-2018;61
4;11-5-2018;60
4;11-5-2018;67
4;11-5-2018;60
4;11-5-2018;49
4;11-5-2018;59
4;11-5-2018;53
4;11-5-2018;58
4;11-5-2018;62
4;11-5-2018;58
4;11-5-2018;62
4;11-5-2018;73
4;11-5-2018;64
4;11-5-2018;56
4;11-5-2018;55
4;11-5-2018;73
4;11-5-2018;73
4;11-5-2018;75
4;11-5-2018;75
4;11-5-2018;68
4;11-5-2018;58
4;11-5-2018;77
4;11-5-2018;73
4;11-5-2018;56
4;11-5-2018;61
4;11-5-2018;61
4;11-5-2018;61
4;11-5-2018;64
4;11-5-2018;67
4;11-5-2018;58
4;11-5-2018;66
4;11-5-2018;56
4;11-5-2018;61
4;11-5-2018;60
4;11-5-2018;59
4;11-5-2018;45
4;11-5-2018;66
4;11-5-2018;61
4;11-5-2018;42
4;11-5-2018;60
4;11-5-2018;66
4;11-5-2018;63
4;11-5-2018;62
4;11-5-2018;60
4;11-5-2018;35
4;11-5-2018;61
4;11-5-2018;57
4;11-5-2018;56
4;11-5-2018;62
4;11-5-2018;61
4;11-5-2018;67
4;11-5-2018;64
4;11-5-2018;53
4;11-5-2018;74
4;11-5-2018;62
4;11-5-2018;56
4;11-5-2018;52
4;11-5-2018;37
4;11-5-2018;23
4;11-5-2018;64
4;11-5-2018;60
4;11-5-2018;60
4;11-5-2018;29
4;11-5-2018;56
4;11-5-2018;63
4;12-5-2018;0
4;13-5-2018;0
4;14-5-2018;55
4;14-5-2018;58
4;14-5-2018;57
4;14-5-2018;55
4;14-5-2018;63
4;14-5-2018;37
4;14-5-2018;59
4;14-5-2018;62
4;14-5-2018;47
4;14-5-2018;61
4;14-5-2018;60
4;14-5-2018;62
4;14-5-2018;59
4;14-5-2018;63
4;14-5-2018;54
4;14-5-2018;60
4;14-5-2018;62
4;14-5-2018;60
4;14-5-2018;64
4;14-5-2018;59
4;14-5-2018;61
4;14-5-2018;59
4;14-5-2018;55
4;14-5-2018;62
4;14-5-2018;62
4;14-5-2018;53
4;14-5-2018;44
4;14-5-2018;56
4;14-5-2018;37
4;14-5-2018;39
4;14-5-2018;66
4;14-5-2018;39
4;14-5-2018;67
4;14-5-2018;52
4;14-5-2018;66
4;14-5-2018;59
4;14-5-2018;50
4;14-5-2018;59
4;14-5-2018;56
4;14-5-2018;62
4;14-5-2018;60
4;14-5-2018;61
4;14-5-2018;59
4;14-5-2018;55
4;14-5-2018;58
4;14-5-2018;60
4;14-5-2018;57
4;14-5-2018;52
4;14-5-2018;41
4;14-5-2018;40
4;14-5-2018;65
4;14-5-2018;57
4;14-5-2018;52
4;14-5-2018;68
4;14-5-2018;59
4;14-5-2018;74
4;14-5-2018;67
4;14-5-2018;61
4;14-5-2018;62
4;14-5-2018;65
4;14-5-2018;65
4;14-5-2018;69
4;14-5-2018;76
4;14-5-2018;60
4;14-5-2018;67
4;14-5-2018;64
4;14-5-2018;62
4;14-5-2018;57
4;14-5-2018;64
4;14-5-2018;57
4;14-5-2018;21
4;14-5-2018;63
4;14-5-2018;69
4;14-5-2018;38
4;14-5-2018;27
4;14-5-2018;55
4;14-5-2018;15
4;14-5-2018;61
4;14-5-2018;45
4;14-5-2018;46
4;14-5-2018;64
4;14-5-2018;51
4;14-5-2018;65
4;14-5-2018;55
4;14-5-2018;64
4;14-5-2018;61
4;14-5-2018;59
4;14-5-2018;55
4;14-5-2018;53
4;14-5-2018;58
4;14-5-2018;56
4;14-5-2018;32
4;14-5-2018;57
4;14-5-2018;53
4;14-5-2018;50
4;14-5-2018;53
4;14-5-2018;49
4;14-5-2018;52
4;14-5-2018;66
4;14-5-2018;49
4;14-5-2018;27
4;14-5-2018;58
4;14-5-2018;44
4;14-5-2018;59
4;14-5-2018;54
4;14-5-2018;50
4;14-5-2018;56
4;14-5-2018;63
4;14-5-2018;60
4;14-5-2018;60
4;14-5-2018;49
4;14-5-2018;65
4;14-5-2018;43
4;14-5-2018;46
4;14-5-2018;56
4;14-5-2018;45
4;14-5-2018;55
4;14-5-2018;59
4;14-5-2018;60
4;14-5-2018;59
4;15-5-2018;55
4;15-5-2018;63
4;15-5-2018;61
4;15-5-2018;73
4;15-5-2018;57
4;15-5-2018;55
4;15-5-2018;53
4;15-5-2018;64
4;15-5-2018;63
4;15-5-2018;38
4;15-5-2018;60
4;15-5-2018;65
4;15-5-2018;29
4;15-5-2018;63
4;15-5-2018;59
4;15-5-2018;64
4;15-5-2018;61
4;15-5-2018;62
4;15-5-2018;61
4;15-5-2018;34
4;15-5-2018;59
4;15-5-2018;70
4;15-5-2018;59
4;15-5-2018;68
4;15-5-2018;64
4;15-5-2018;20
4;15-5-2018;25
4;15-5-2018;60
4;15-5-2018;34
4;15-5-2018;31
4;15-5-2018;56
4;15-5-2018;52
4;15-5-2018;58
4;15-5-2018;65
4;15-5-2018;66
4;15-5-2018;66
4;15-5-2018;68
4;15-5-2018;68
4;15-5-2018;66
4;15-5-2018;35
4;15-5-2018;71
4;15-5-2018;72
4;15-5-2018;53
4;15-5-2018;54
4;15-5-2018;60
4;15-5-2018;53
4;15-5-2018;60
4;15-5-2018;43
4;15-5-2018;54
4;15-5-2018;52
4;15-5-2018;56
4;15-5-2018;51
4;15-5-2018;32
4;15-5-2018;58
4;15-5-2018;53
4;15-5-2018;59
4;15-5-2018;22
4;15-5-2018;59
4;15-5-2018;65
4;15-5-2018;29
4;15-5-2018;69
4;15-5-2018;50
4;15-5-2018;60
4;15-5-2018;63
4;15-5-2018;46
4;15-5-2018;58
4;15-5-2018;59
4;15-5-2018;58
4;15-5-2018;32
4;15-5-2018;42
4;15-5-2018;55
4;15-5-2018;49
4;16-5-2018;64
4;16-5-2018;60
4;16-5-2018;57
4;16-5-2018;60
4;16-5-2018;56
4;16-5-2018;61
4;16-5-2018;50
4;16-5-2018;58
4;16-5-2018;63
4;16-5-2018;58
4;16-5-2018;44
4;16-5-2018;43
4;16-5-2018;34
4;16-5-2018;56
4;16-5-2018;65
4;16-5-2018;58
4;16-5-2018;60
4;16-5-2018;67
4;16-5-2018;58
4;16-5-2018;53
4;16-5-2018;56
4;16-5-2018;48
4;16-5-2018;26
4;16-5-2018;65
4;16-5-2018;58
4;16-5-2018;68
4;16-5-2018;46
4;16-5-2018;51
4;16-5-2018;56
4;16-5-2018;61
4;16-5-2018;56
4;16-5-2018;58
4;16-5-2018;71
4;16-5-2018;49
4;16-5-2018;65
4;16-5-2018;40
4;16-5-2018;45
4;16-5-2018;60
4;16-5-2018;71
4;16-5-2018;35
4;16-5-2018;63
4;16-5-2018;34
4;16-5-2018;52
4;16-5-2018;49
4;16-5-2018;36
4;16-5-2018;58
4;16-5-2018;62
4;16-5-2018;44
4;16-5-2018;43
4;16-5-2018;61
4;16-5-2018;53
4;16-5-2018;66
4;16-5-2018;25
4;16-5-2018;25
4;16-5-2018;26
4;16-5-2018;27
4;16-5-2018;26
4;16-5-2018;27
4;16-5-2018;30
4;16-5-2018;26
4;16-5-2018;64
4;16-5-2018;66
4;16-5-2018;65
4;16-5-2018;68
4;16-5-2018;24
4;16-5-2018;29
4;16-5-2018;22
4;16-5-2018;22
4;16-5-2018;59
4;16-5-2018;62
4;16-5-2018;64
4;16-5-2018;59
4;16-5-2018;62
4;16-5-2018;61
4;16-5-2018;65
4;16-5-2018;72
4;16-5-2018;71
4;16-5-2018;18
4;16-5-2018;63
4;17-5-2018;58
4;17-5-2018;60
4;17-5-2018;60
4;17-5-2018;47
4;17-5-2018;59
4;17-5-2018;59
4;17-5-2018;43
4;17-5-2018;50
4;17-5-2018;59
4;17-5-2018;57
4;17-5-2018;55
4;17-5-2018;20
4;17-5-2018;65
4;17-5-2018;66
4;17-5-2018;51
4;17-5-2018;23
4;17-5-2018;58
4;17-5-2018;63
4;17-5-2018;56
4;17-5-2018;21
4;17-5-2018;57
4;17-5-2018;65
4;17-5-2018;71
4;17-5-2018;72
4;17-5-2018;42
4;17-5-2018;60
4;17-5-2018;73
4;17-5-2018;45
4;17-5-2018;54
4;17-5-2018;50
4;17-5-2018;66
4;17-5-2018;61
4;17-5-2018;67
4;17-5-2018;48
4;17-5-2018;61
4;17-5-2018;25
4;17-5-2018;51
4;17-5-2018;68
4;17-5-2018;23
4;17-5-2018;56
4;17-5-2018;53
4;17-5-2018;53
4;17-5-2018;60
4;17-5-2018;67
4;17-5-2018;63
4;17-5-2018;46
4;17-5-2018;55
4;17-5-2018;57
4;17-5-2018;49
4;17-5-2018;31
4;17-5-2018;62
4;17-5-2018;47
4;17-5-2018;59
4;17-5-2018;58
4;17-5-2018;35
4;17-5-2018;67
4;17-5-2018;52
4;17-5-2018;52
4;17-5-2018;66
4;17-5-2018;70
4;17-5-2018;40
4;17-5-2018;64
4;17-5-2018;61
4;17-5-2018;50
4;17-5-2018;50
4;17-5-2018;19
4;17-5-2018;33
4;17-5-2018;62
4;17-5-2018;48
4;17-5-2018;37
4;17-5-2018;67
4;17-5-2018;60
4;17-5-2018;63
4;17-5-2018;60
4;17-5-2018;57
4;17-5-2018;54
4;17-5-2018;46
4;17-5-2018;67
4;18-5-2018;0
4;19-5-2018;65
4;19-5-2018;63
4;19-5-2018;66
4;19-5-2018;72
4;19-5-2018;49
4;19-5-2018;51
4;19-5-2018;19
4;19-5-2018;59
4;19-5-2018;51
4;19-5-2018;39
4;19-5-2018;62
4;19-5-2018;30
4;19-5-2018;58
4;19-5-2018;48
4;19-5-2018;65
4;19-5-2018;50
4;19-5-2018;41
4;19-5-2018;58
4;19-5-2018;18
4;19-5-2018;25
4;19-5-2018;48
4;19-5-2018;62
4;19-5-2018;65
4;19-5-2018;48
4;19-5-2018;61
4;19-5-2018;54
4;19-5-2018;65
4;19-5-2018;65
4;19-5-2018;63
4;19-5-2018;66
4;19-5-2018;73
4;19-5-2018;70
4;19-5-2018;74
4;19-5-2018;61
4;19-5-2018;68
4;19-5-2018;64
4;19-5-2018;68
4;19-5-2018;66
4;19-5-2018;61
4;19-5-2018;61
4;19-5-2018;61
4;19-5-2018;53
4;19-5-2018;60
4;19-5-2018;62
4;19-5-2018;74
4;19-5-2018;66
4;19-5-2018;68
4;19-5-2018;57
4;19-5-2018;56
4;19-5-2018;68
4;19-5-2018;63
4;19-5-2018;61
4;19-5-2018;74
4;19-5-2018;55
4;19-5-2018;66
4;19-5-2018;64
4;19-5-2018;64
4;19-5-2018;60
4;19-5-2018;53
4;19-5-2018;69
4;19-5-2018;68
4;19-5-2018;62
4;19-5-2018;58
4;19-5-2018;67
4;19-5-2018;63
4;19-5-2018;62
4;19-5-2018;58
4;19-5-2018;61
4;19-5-2018;51
4;19-5-2018;59
4;19-5-2018;59
4;19-5-2018;63
4;19-5-2018;60
4;19-5-2018;63
4;19-5-2018;37
4;19-5-2018;67
4;19-5-2018;62
4;19-5-2018;39
4;19-5-2018;66
4;19-5-2018;57
4;19-5-2018;27
4;19-5-2018;31
4;19-5-2018;61
4;19-5-2018;28
4;19-5-2018;55
4;19-5-2018;65
4;19-5-2018;20
4;19-5-2018;54
4;19-5-2018;50
4;19-5-2018;48
4;19-5-2018;67
4;19-5-2018;35
4;19-5-2018;59
4;19-5-2018;44
4;19-5-2018;56
4;19-5-2018;66
4;19-5-2018;60
4;19-5-2018;52
4;19-5-2018;61
4;19-5-2018;64
4;19-5-2018;62
4;19-5-2018;56
4;19-5-2018;62
4;19-5-2018;67
4;19-5-2018;58
4;20-5-2018;0
4;21-5-2018;0
4;22-5-2018;0
4;23-5-2018;0
4;24-5-2018;0
4;25-5-2018;0
4;26-5-2018;0
4;27-5-2018;0
4;17-7-2018;0
4;18-7-2018;69
4;18-7-2018;72
4;18-7-2018;73
4;18-7-2018;62
4;18-7-2018;60
4;18-7-2018;64
4;18-7-2018;66
4;18-7-2018;58
4;18-7-2018;56
4;18-7-2018;58
4;18-7-2018;61
4;18-7-2018;68
4;18-7-2018;52
4;18-7-2018;24
4;18-7-2018;69
4;18-7-2018;62
4;18-7-2018;60
4;18-7-2018;64
4;18-7-2018;66
4;18-7-2018;68
4;18-7-2018;66
4;18-7-2018;69
4;18-7-2018;66
4;18-7-2018;64
4;18-7-2018;52
4;18-7-2018;55
4;18-7-2018;50
4;18-7-2018;58
4;18-7-2018;51
4;18-7-2018;38
4;18-7-2018;57
4;18-7-2018;53
4;18-7-2018;51
4;18-7-2018;56
4;18-7-2018;46
4;18-7-2018;55
4;18-7-2018;58
4;18-7-2018;53
4;18-7-2018;57
4;18-7-2018;52
4;18-7-2018;55
4;18-7-2018;29
4;18-7-2018;48
4;18-7-2018;52
4;18-7-2018;52
4;18-7-2018;59
4;18-7-2018;18
4;18-7-2018;68
4;18-7-2018;55
4;18-7-2018;53
4;18-7-2018;62
4;19-7-2018;51
4;19-7-2018;55
4;19-7-2018;55
4;19-7-2018;24
4;19-7-2018;65
4;19-7-2018;18
4;19-7-2018;57
4;19-7-2018;50
4;19-7-2018;53
4;19-7-2018;52
4;19-7-2018;55
4;19-7-2018;73
4;19-7-2018;70
4;19-7-2018;61
4;19-7-2018;14
4;19-7-2018;68
4;19-7-2018;61
4;19-7-2018;66
4;19-7-2018;64
4;19-7-2018;71
4;19-7-2018;68
4;19-7-2018;64
4;19-7-2018;66
4;19-7-2018;64
4;19-7-2018;21
4;19-7-2018;22
4;19-7-2018;20
4;19-7-2018;72
4;19-7-2018;73
4;19-7-2018;73
4;19-7-2018;65
4;19-7-2018;38
4;19-7-2018;67
4;19-7-2018;46
4;19-7-2018;53
4;19-7-2018;64
4;19-7-2018;64
4;19-7-2018;58
4;19-7-2018;49
4;19-7-2018;43
4;19-7-2018;37
4;19-7-2018;57
4;19-7-2018;68
4;19-7-2018;59
4;19-7-2018;55
4;19-7-2018;59
4;19-7-2018;57
4;19-7-2018;59
4;19-7-2018;56
4;19-7-2018;57
4;19-7-2018;55
4;19-7-2018;40
4;19-7-2018;34
4;19-7-2018;42
4;19-7-2018;49
4;19-7-2018;26
4;19-7-2018;55
4;19-7-2018;60
4;19-7-2018;51
4;19-7-2018;63
4;19-7-2018;48
4;19-7-2018;58
4;19-7-2018;60
4;19-7-2018;31
4;19-7-2018;53
4;19-7-2018;63
4;19-7-2018;47
4;19-7-2018;42
4;20-7-2018;47
4;20-7-2018;49
4;20-7-2018;50
4;20-7-2018;57
4;20-7-2018;48
4;20-7-2018;53
4;20-7-2018;58
4;20-7-2018;56
4;20-7-2018;58
4;20-7-2018;56
4;20-7-2018;66
4;20-7-2018;50
4;20-7-2018;49
4;20-7-2018;16
4;20-7-2018;54
4;20-7-2018;47
4;20-7-2018;63
4;20-7-2018;52
4;20-7-2018;53
4;20-7-2018;56
4;20-7-2018;53
4;20-7-2018;66
4;20-7-2018;54
4;20-7-2018;55
4;20-7-2018;58
4;20-7-2018;47
4;20-7-2018;50
4;20-7-2018;36
4;20-7-2018;55
4;20-7-2018;58
4;20-7-2018;62
4;20-7-2018;64
4;20-7-2018;58
4;20-7-2018;62
4;20-7-2018;60
4;20-7-2018;62
4;20-7-2018;63
4;20-7-2018;65
4;20-7-2018;59
4;20-7-2018;38
4;20-7-2018;31
4;20-7-2018;56
4;20-7-2018;47
4;20-7-2018;38
4;20-7-2018;35
4;20-7-2018;60
4;20-7-2018;46
4;20-7-2018;49
4;20-7-2018;47
4;20-7-2018;51
4;20-7-2018;51
4;20-7-2018;51
4;20-7-2018;58
4;20-7-2018;61
4;20-7-2018;44
4;20-7-2018;23
4;20-7-2018;26
4;20-7-2018;45
4;20-7-2018;51
4;20-7-2018;53
4;20-7-2018;52
4;20-7-2018;58
4;20-7-2018;54
4;20-7-2018;52
4;20-7-2018;55
4;20-7-2018;14
4;20-7-2018;60
4;20-7-2018;55
4;20-7-2018;52
4;20-7-2018;51
4;20-7-2018;57
4;20-7-2018;14
4;20-7-2018;58
4;20-7-2018;58
4;20-7-2018;61
4;20-7-2018;59
4;20-7-2018;59
4;20-7-2018;49
4;20-7-2018;47
4;20-7-2018;50
4;20-7-2018;61
4;20-7-2018;31
4;20-7-2018;57
4;20-7-2018;57
4;20-7-2018;44
4;20-7-2018;50
4;20-7-2018;51
4;20-7-2018;51
4;20-7-2018;52
4;20-7-2018;57
4;20-7-2018;61
4;20-7-2018;59
4;20-7-2018;51
4;20-7-2018;55
4;20-7-2018;64
4;20-7-2018;56
4;20-7-2018;57
4;20-7-2018;51
4;20-7-2018;56
4;20-7-2018;56
4;20-7-2018;32
4;20-7-2018;58
4;20-7-2018;50
4;20-7-2018;57
4;20-7-2018;54
4;20-7-2018;56
4;21-7-2018;0
4;22-7-2018;0
4;23-7-2018;51
4;23-7-2018;69
4;23-7-2018;56
4;23-7-2018;48
4;23-7-2018;56
4;23-7-2018;53
4;23-7-2018;48
4;23-7-2018;53
4;23-7-2018;13
4;23-7-2018;54
4;23-7-2018;59
4;23-7-2018;49
4;23-7-2018;57
4;23-7-2018;52
4;23-7-2018;53
4;23-7-2018;46
4;23-7-2018;24
4;23-7-2018;53
4;23-7-2018;53
4;23-7-2018;57
4;23-7-2018;52
4;23-7-2018;55
4;23-7-2018;58
4;23-7-2018;55
4;23-7-2018;58
4;23-7-2018;63
4;23-7-2018;71
4;23-7-2018;63
4;23-7-2018;64
4;23-7-2018;54
4;23-7-2018;56
4;23-7-2018;53
4;23-7-2018;57
4;23-7-2018;57
4;23-7-2018;57
4;23-7-2018;57
4;23-7-2018;62
4;23-7-2018;72
4;23-7-2018;64
4;23-7-2018;70
4;23-7-2018;61
4;23-7-2018;63
4;23-7-2018;54
4;23-7-2018;60
4;23-7-2018;58
4;23-7-2018;58
4;23-7-2018;41
4;23-7-2018;51
4;23-7-2018;45
4;23-7-2018;29
4;23-7-2018;53
4;23-7-2018;49
4;23-7-2018;49
4;23-7-2018;57
4;23-7-2018;60
4;23-7-2018;52
4;23-7-2018;41
4;23-7-2018;30
4;23-7-2018;54
4;23-7-2018;46
4;23-7-2018;49
4;23-7-2018;51
4;23-7-2018;59
4;23-7-2018;39
4;23-7-2018;49
4;23-7-2018;47
4;23-7-2018;63
4;23-7-2018;36
4;23-7-2018;59
4;23-7-2018;58
4;23-7-2018;55
4;23-7-2018;49
4;23-7-2018;71
4;23-7-2018;45
4;23-7-2018;50
4;23-7-2018;47
4;23-7-2018;52
4;23-7-2018;57
4;23-7-2018;55
4;23-7-2018;71
4;23-7-2018;53
4;23-7-2018;53
4;23-7-2018;56
4;23-7-2018;63
4;23-7-2018;55
4;23-7-2018;56
4;23-7-2018;50
4;23-7-2018;25
4;23-7-2018;55
4;23-7-2018;50
4;23-7-2018;62
4;23-7-2018;55
4;23-7-2018;38
4;23-7-2018;49
4;23-7-2018;57
4;23-7-2018;45
4;23-7-2018;39
4;24-7-2018;65
4;24-7-2018;68
4;24-7-2018;57
4;24-7-2018;19
4;24-7-2018;59
4;24-7-2018;44
4;24-7-2018;26
4;24-7-2018;67
4;24-7-2018;49
4;24-7-2018;55
4;24-7-2018;61
4;24-7-2018;42
4;24-7-2018;22
4;24-7-2018;61
4;24-7-2018;46
4;24-7-2018;48
4;24-7-2018;60
4;24-7-2018;43
4;24-7-2018;62
4;24-7-2018;18
4;24-7-2018;65
4;24-7-2018;30
4;24-7-2018;18
4;24-7-2018;58
4;24-7-2018;55
4;24-7-2018;56
4;24-7-2018;53
4;24-7-2018;58
4;24-7-2018;53
4;24-7-2018;22
4;24-7-2018;68
4;24-7-2018;25
4;24-7-2018;64
4;24-7-2018;27
4;24-7-2018;71
4;24-7-2018;51
4;24-7-2018;67
4;24-7-2018;18
4;24-7-2018;65
4;24-7-2018;61
4;24-7-2018;60
4;24-7-2018;58
4;24-7-2018;53
4;24-7-2018;52
4;24-7-2018;59
4;24-7-2018;65
4;24-7-2018;52
4;24-7-2018;60
4;24-7-2018;55
4;24-7-2018;57
4;24-7-2018;53
4;24-7-2018;52
4;24-7-2018;60
4;24-7-2018;19
4;24-7-2018;56
4;24-7-2018;55
4;24-7-2018;53
4;24-7-2018;53
4;24-7-2018;60
4;24-7-2018;59
4;24-7-2018;62
4;24-7-2018;63
4;24-7-2018;31
4;24-7-2018;53
4;24-7-2018;38
4;24-7-2018;54
4;24-7-2018;56
4;24-7-2018;67
4;24-7-2018;64
4;24-7-2018;15
4;24-7-2018;39
4;24-7-2018;54
4;24-7-2018;51
4;24-7-2018;48
4;24-7-2018;52
4;24-7-2018;43
4;24-7-2018;55
4;24-7-2018;46
4;24-7-2018;52
4;24-7-2018;32
4;24-7-2018;25
4;24-7-2018;50
4;24-7-2018;33
4;24-7-2018;53
4;24-7-2018;55
4;24-7-2018;56
4;24-7-2018;53
4;24-7-2018;53
4;24-7-2018;51
4;24-7-2018;54
4;24-7-2018;37
4;24-7-2018;56
4;24-7-2018;54
4;24-7-2018;57
4;24-7-2018;54
4;25-7-2018;0
4;26-7-2018;61
4;26-7-2018;41
4;26-7-2018;52
4;26-7-2018;58
4;26-7-2018;62
4;26-7-2018;62
4;26-7-2018;36
4;26-7-2018;60
4;26-7-2018;40
4;26-7-2018;57
4;26-7-2018;28
4;26-7-2018;19
4;26-7-2018;51
4;26-7-2018;59
4;26-7-2018;64
4;26-7-2018;49
4;26-7-2018;63
4;26-7-2018;60
4;26-7-2018;52
4;26-7-2018;54
4;26-7-2018;62
4;26-7-2018;66
4;26-7-2018;54
4;26-7-2018;62
4;26-7-2018;21
4;26-7-2018;65
4;26-7-2018;37
4;26-7-2018;57
4;26-7-2018;17
4;26-7-2018;51
4;26-7-2018;21
4;26-7-2018;60
4;26-7-2018;36
4;26-7-2018;62
4;26-7-2018;42
4;26-7-2018;63
4;26-7-2018;66
4;26-7-2018;68
4;26-7-2018;63
4;26-7-2018;62
4;26-7-2018;49
4;26-7-2018;49
4;26-7-2018;47
4;26-7-2018;69
4;26-7-2018;64
4;26-7-2018;64
4;26-7-2018;63
4;26-7-2018;67
4;26-7-2018;66
4;26-7-2018;48
4;26-7-2018;68
4;26-7-2018;58
4;26-7-2018;51
4;26-7-2018;55
4;26-7-2018;56
4;26-7-2018;55
4;26-7-2018;48
4;26-7-2018;61
4;26-7-2018;52
4;26-7-2018;43
4;26-7-2018;26
4;26-7-2018;54
4;26-7-2018;55
4;26-7-2018;69
4;26-7-2018;51
4;26-7-2018;53
4;26-7-2018;39
4;26-7-2018;61
4;26-7-2018;51
4;26-7-2018;72
4;26-7-2018;24
4;26-7-2018;56
4;26-7-2018;62
4;26-7-2018;46
4;26-7-2018;57
4;26-7-2018;40
4;26-7-2018;49
4;26-7-2018;48
4;26-7-2018;31
4;26-7-2018;53
4;26-7-2018;54
4;26-7-2018;62
4;26-7-2018;54
4;26-7-2018;47
4;26-7-2018;54
4;26-7-2018;61
4;26-7-2018;52
4;26-7-2018;45
4;26-7-2018;54
4;26-7-2018;46
4;26-7-2018;25
4;26-7-2018;57
4;26-7-2018;34
4;26-7-2018;51
4;26-7-2018;61
4;26-7-2018;33
4;26-7-2018;46
4;26-7-2018;50
4;26-7-2018;63
4;26-7-2018;53
4;26-7-2018;54
4;26-7-2018;63
4;26-7-2018;60
4;26-7-2018;72
4;26-7-2018;68
4;26-7-2018;59
4;26-7-2018;47
4;26-7-2018;43
4;26-7-2018;54
4;26-7-2018;58
4;26-7-2018;54
4;26-7-2018;53
4;26-7-2018;33
4;26-7-2018;60
4;26-7-2018;42
4;26-7-2018;50
4;26-7-2018;56
4;26-7-2018;63
4;26-7-2018;55
4;26-7-2018;48
4;26-7-2018;59
4;26-7-2018;55
4;26-7-2018;18
4;26-7-2018;55
4;26-7-2018;60
4;26-7-2018;42
4;26-7-2018;55
4;26-7-2018;57
4;26-7-2018;55
4;26-7-2018;58
4;26-7-2018;45
4;26-7-2018;53
4;26-7-2018;15
4;26-7-2018;61
4;26-7-2018;62
4;26-7-2018;56
4;27-7-2018;52
4;27-7-2018;18
4;27-7-2018;63
4;27-7-2018;48
4;27-7-2018;26
4;27-7-2018;53
4;27-7-2018;43
4;27-7-2018;51
4;27-7-2018;48
4;27-7-2018;55
4;27-7-2018;57
4;27-7-2018;48
4;27-7-2018;52
4;27-7-2018;41
4;27-7-2018;38
4;27-7-2018;36
4;27-7-2018;54
4;27-7-2018;16
4;27-7-2018;52
4;27-7-2018;44
4;27-7-2018;48
4;27-7-2018;48
4;27-7-2018;29
4;27-7-2018;51
4;27-7-2018;46
4;27-7-2018;59
4;27-7-2018;58
4;27-7-2018;21
4;27-7-2018;58
4;27-7-2018;60
4;27-7-2018;55
4;27-7-2018;55
4;27-7-2018;67
4;27-7-2018;63
4;27-7-2018;60
4;27-7-2018;62
4;27-7-2018;53
4;27-7-2018;54
4;27-7-2018;50
4;27-7-2018;58
4;27-7-2018;50
4;27-7-2018;53
4;27-7-2018;56
4;27-7-2018;55
4;27-7-2018;47
4;27-7-2018;63
4;27-7-2018;42
4;27-7-2018;36
4;27-7-2018;63
4;27-7-2018;50
4;27-7-2018;15
4;27-7-2018;61
4;27-7-2018;49
4;27-7-2018;47
4;27-7-2018;54
4;27-7-2018;49
4;27-7-2018;43
4;27-7-2018;53
4;27-7-2018;52
4;27-7-2018;54
4;27-7-2018;56
4;27-7-2018;56
4;27-7-2018;52
4;27-7-2018;53
4;27-7-2018;48
4;27-7-2018;58
4;27-7-2018;60
4;27-7-2018;60
4;27-7-2018;37
4;27-7-2018;55
4;27-7-2018;57
4;27-7-2018;46
4;27-7-2018;49
4;27-7-2018;51
4;27-7-2018;35
4;27-7-2018;58
4;27-7-2018;38
4;27-7-2018;53
4;27-7-2018;49
4;27-7-2018;60
4;27-7-2018;47
4;27-7-2018;49
4;27-7-2018;56
4;27-7-2018;49
4;27-7-2018;52
4;27-7-2018;51
4;27-7-2018;60
4;27-7-2018;53
4;27-7-2018;32
4;27-7-2018;43
4;27-7-2018;44
4;27-7-2018;48
4;27-7-2018;48
4;27-7-2018;56
4;27-7-2018;36
4;27-7-2018;22
4;27-7-2018;36
4;27-7-2018;44
4;27-7-2018;39
4;27-7-2018;50
4;27-7-2018;30
4;27-7-2018;50
4;27-7-2018;56
4;27-7-2018;56
4;27-7-2018;48
4;27-7-2018;43
4;27-7-2018;48
4;27-7-2018;30
4;27-7-2018;55
4;27-7-2018;53
4;27-7-2018;47
4;27-7-2018;51
4;27-7-2018;25
4;27-7-2018;53
4;28-7-2018;0
4;29-7-2018;0
4;30-7-2018;58
4;30-7-2018;46
4;30-7-2018;49
4;30-7-2018;40
4;30-7-2018;53
4;30-7-2018;46
4;30-7-2018;50
4;30-7-2018;53
4;30-7-2018;47
4;30-7-2018;49
4;30-7-2018;40
4;30-7-2018;21
4;30-7-2018;31
4;30-7-2018;52
4;30-7-2018;40
4;30-7-2018;47
4;30-7-2018;22
4;30-7-2018;31
4;30-7-2018;47
4;30-7-2018;52
4;30-7-2018;39
4;30-7-2018;39
4;30-7-2018;55
4;30-7-2018;63
4;30-7-2018;28
4;30-7-2018;37
4;30-7-2018;48
4;30-7-2018;44
4;30-7-2018;50
4;30-7-2018;40
4;30-7-2018;45
4;30-7-2018;55
4;30-7-2018;50
4;30-7-2018;60
4;30-7-2018;27
4;30-7-2018;46
4;30-7-2018;26
4;30-7-2018;35
4;30-7-2018;57
4;30-7-2018;52
4;30-7-2018;57
4;30-7-2018;56
4;30-7-2018;53
4;30-7-2018;57
4;30-7-2018;57
4;30-7-2018;72
4;30-7-2018;20
4;30-7-2018;60
4;30-7-2018;56
4;30-7-2018;54
4;30-7-2018;67
4;30-7-2018;65
4;30-7-2018;63
4;30-7-2018;58
4;30-7-2018;46
4;30-7-2018;61
4;30-7-2018;49
4;30-7-2018;30
4;30-7-2018;52
4;30-7-2018;54
4;30-7-2018;55
4;30-7-2018;53
4;30-7-2018;46
4;30-7-2018;52
4;30-7-2018;58
4;30-7-2018;58
4;30-7-2018;53
4;30-7-2018;51
4;30-7-2018;55
4;30-7-2018;55
4;30-7-2018;55
4;30-7-2018;55
4;30-7-2018;56
4;30-7-2018;49
4;30-7-2018;40
4;30-7-2018;67
4;30-7-2018;58
4;30-7-2018;45
4;30-7-2018;50
4;30-7-2018;42
4;30-7-2018;18
4;30-7-2018;52
4;30-7-2018;58
4;30-7-2018;49
4;30-7-2018;67
4;30-7-2018;56
4;30-7-2018;51
4;30-7-2018;43
4;30-7-2018;56
4;30-7-2018;40
4;30-7-2018;49
4;30-7-2018;40
4;30-7-2018;48
4;30-7-2018;49
4;30-7-2018;56
4;30-7-2018;66
4;30-7-2018;55
4;30-7-2018;50
4;30-7-2018;42
4;30-7-2018;30
4;30-7-2018;56
4;30-7-2018;48
4;30-7-2018;33
4;30-7-2018;49
4;30-7-2018;55
4;30-7-2018;38
4;30-7-2018;43
4;30-7-2018;24
4;30-7-2018;52
4;30-7-2018;54
4;30-7-2018;57
4;30-7-2018;52
4;30-7-2018;35
4;30-7-2018;51
4;30-7-2018;55
4;30-7-2018;46
4;30-7-2018;34
4;30-7-2018;30
4;30-7-2018;46
4;30-7-2018;27
4;30-7-2018;55
4;30-7-2018;53
4;30-7-2018;55
4;30-7-2018;42
4;30-7-2018;49
4;30-7-2018;23
4;30-7-2018;48
4;30-7-2018;53
4;30-7-2018;41
4;30-7-2018;55
4;30-7-2018;51
4;30-7-2018;44
4;30-7-2018;58
4;30-7-2018;54
4;30-7-2018;47
4;30-7-2018;55
4;30-7-2018;49
4;30-7-2018;49
4;30-7-2018;52
4;30-7-2018;57
4;30-7-2018;26
4;30-7-2018;60
4;30-7-2018;56
4;30-7-2018;52
4;30-7-2018;43
4;30-7-2018;56
4;30-7-2018;37
4;30-7-2018;55
4;30-7-2018;40
4;31-7-2018;48
4;31-7-2018;58
4;31-7-2018;42
4;31-7-2018;49
4;31-7-2018;46
4;31-7-2018;48
4;31-7-2018;49
4;31-7-2018;40
4;31-7-2018;53
4;31-7-2018;50
4;31-7-2018;52
4;31-7-2018;54
4;31-7-2018;47
4;31-7-2018;43
4;31-7-2018;52
4;31-7-2018;39
4;31-7-2018;19
4;31-7-2018;55
4;31-7-2018;24
4;31-7-2018;19
4;31-7-2018;41
4;31-7-2018;45
4;31-7-2018;45
4;31-7-2018;50
4;31-7-2018;62
4;31-7-2018;52
4;31-7-2018;61
4;31-7-2018;67
4;31-7-2018;22
4;31-7-2018;58
4;31-7-2018;62
4;31-7-2018;66
4;31-7-2018;59
4;31-7-2018;54
4;31-7-2018;61
4;31-7-2018;42
4;31-7-2018;47
4;31-7-2018;55
4;31-7-2018;54
4;31-7-2018;51
4;31-7-2018;59
4;31-7-2018;37
4;31-7-2018;56
4;31-7-2018;30
4;31-7-2018;49
4;31-7-2018;58
4;31-7-2018;53
4;31-7-2018;53
4;31-7-2018;55
4;31-7-2018;51
4;31-7-2018;51
4;31-7-2018;49
4;31-7-2018;56
4;31-7-2018;44
4;31-7-2018;55
4;31-7-2018;28
4;31-7-2018;55
4;31-7-2018;55
4;31-7-2018;56
4;31-7-2018;54
4;31-7-2018;59
4;31-7-2018;55
4;31-7-2018;61
4;31-7-2018;44
4;31-7-2018;58
4;31-7-2018;48
4;31-7-2018;20
4;31-7-2018;52
4;31-7-2018;56
4;31-7-2018;52
4;31-7-2018;56
4;31-7-2018;37
4;31-7-2018;51
4;31-7-2018;51
4;31-7-2018;55
4;31-7-2018;52
4;31-7-2018;55
4;31-7-2018;67
4;31-7-2018;38
4;31-7-2018;54
4;31-7-2018;48
4;31-7-2018;42
4;31-7-2018;60
4;31-7-2018;55
4;31-7-2018;38
4;31-7-2018;52
4;31-7-2018;59
4;31-7-2018;54
4;31-7-2018;61
4;31-7-2018;16
4;31-7-2018;52
4;31-7-2018;58
4;31-7-2018;63
4;31-7-2018;49
4;31-7-2018;57
4;31-7-2018;50
4;31-7-2018;45
4;31-7-2018;49
4;31-7-2018;54
4;31-7-2018;57
4;31-7-2018;47
4;31-7-2018;55
4;31-7-2018;51
4;31-7-2018;34
4;31-7-2018;57
4;1-8-2018;0
4;2-8-2018;54
4;2-8-2018;53
4;2-8-2018;47
4;2-8-2018;51
4;2-8-2018;46
4;2-8-2018;67
4;2-8-2018;54
4;2-8-2018;51
4;2-8-2018;53
4;2-8-2018;54
4;2-8-2018;49
4;2-8-2018;61
4;2-8-2018;56
4;2-8-2018;60
4;2-8-2018;73
4;2-8-2018;65
4;2-8-2018;71
4;2-8-2018;63
4;2-8-2018;40
4;2-8-2018;60
4;2-8-2018;65
4;2-8-2018;54
4;2-8-2018;45
4;2-8-2018;56
4;2-8-2018;51
4;2-8-2018;54
4;2-8-2018;50
4;2-8-2018;55
4;2-8-2018;63
4;2-8-2018;46
4;2-8-2018;50
4;2-8-2018;53
4;2-8-2018;36
4;2-8-2018;53
4;2-8-2018;53
4;2-8-2018;50
4;2-8-2018;51
4;2-8-2018;51
4;2-8-2018;50
4;2-8-2018;48
4;2-8-2018;63
4;2-8-2018;58
4;2-8-2018;66
4;2-8-2018;56
4;2-8-2018;68
4;2-8-2018;54
4;2-8-2018;67
4;3-8-2018;56
4;3-8-2018;57
4;3-8-2018;54
4;3-8-2018;64
4;3-8-2018;18
4;3-8-2018;55
4;3-8-2018;48
4;3-8-2018;61
4;3-8-2018;58
4;3-8-2018;75
4;3-8-2018;63
4;3-8-2018;75
4;3-8-2018;61
4;3-8-2018;72
4;3-8-2018;70
4;3-8-2018;66
4;3-8-2018;48
4;3-8-2018;58
4;3-8-2018;51
4;3-8-2018;51
4;3-8-2018;27
4;3-8-2018;40
4;3-8-2018;54
4;3-8-2018;35
4;3-8-2018;30
4;3-8-2018;32
4;3-8-2018;58
4;3-8-2018;61
4;3-8-2018;49
4;3-8-2018;58
4;3-8-2018;53
4;3-8-2018;60
4;3-8-2018;64
4;3-8-2018;60
4;3-8-2018;59
4;3-8-2018;31
4;3-8-2018;63
4;3-8-2018;65
4;3-8-2018;48
4;3-8-2018;42
4;3-8-2018;51
4;3-8-2018;61
4;3-8-2018;57
4;3-8-2018;58
4;3-8-2018;67
4;3-8-2018;72
4;3-8-2018;47
4;3-8-2018;46
4;3-8-2018;55
4;3-8-2018;58
4;3-8-2018;64
4;3-8-2018;50
4;3-8-2018;54
4;3-8-2018;63
4;3-8-2018;56
4;3-8-2018;59
4;3-8-2018;50
4;3-8-2018;62
4;3-8-2018;56
4;3-8-2018;48
4;3-8-2018;60
4;3-8-2018;63
4;3-8-2018;33
4;3-8-2018;62
4;3-8-2018;64
4;3-8-2018;52
4;3-8-2018;64
4;3-8-2018;30
4;3-8-2018;55
4;3-8-2018;57
4;3-8-2018;68
4;3-8-2018;33
4;4-8-2018;63
4;4-8-2018;35
4;4-8-2018;67
4;4-8-2018;63
4;4-8-2018;53
4;4-8-2018;49
4;4-8-2018;58
4;4-8-2018;58
4;4-8-2018;62
4;4-8-2018;53
4;4-8-2018;17
4;4-8-2018;46
4;4-8-2018;61
4;4-8-2018;55
4;4-8-2018;62
4;4-8-2018;56
4;4-8-2018;49
4;4-8-2018;37
4;4-8-2018;52
4;4-8-2018;45
4;4-8-2018;68
4;4-8-2018;23
4;4-8-2018;63
4;4-8-2018;76
4;4-8-2018;62
4;4-8-2018;63
4;4-8-2018;59
4;4-8-2018;64
4;4-8-2018;53
4;4-8-2018;16
4;4-8-2018;75
4;4-8-2018;60
4;4-8-2018;70
4;4-8-2018;60
4;4-8-2018;43
4;4-8-2018;53
4;4-8-2018;57
4;4-8-2018;52
4;4-8-2018;64
4;4-8-2018;24
4;4-8-2018;58
4;4-8-2018;39
4;4-8-2018;59
4;4-8-2018;53
4;4-8-2018;43
4;4-8-2018;58
4;4-8-2018;54
4;4-8-2018;21
4;4-8-2018;65
4;4-8-2018;60
4;4-8-2018;53
4;4-8-2018;69
4;4-8-2018;52
4;4-8-2018;53
4;4-8-2018;53
4;4-8-2018;58
4;4-8-2018;74
4;4-8-2018;48
4;4-8-2018;45
4;4-8-2018;55
4;4-8-2018;68
4;5-8-2018;0
4;6-8-2018;0
4;7-8-2018;56
4;7-8-2018;57
4;7-8-2018;61
4;7-8-2018;75
4;7-8-2018;62
4;7-8-2018;61
4;7-8-2018;64
4;7-8-2018;64
4;7-8-2018;24
4;7-8-2018;54
4;7-8-2018;19
4;7-8-2018;49
4;7-8-2018;57
4;7-8-2018;62
4;7-8-2018;56
4;7-8-2018;22
4;7-8-2018;53
4;7-8-2018;50
4;7-8-2018;48
4;7-8-2018;53
4;7-8-2018;55
4;7-8-2018;58
4;7-8-2018;16
4;7-8-2018;61
4;7-8-2018;53
4;7-8-2018;55
4;7-8-2018;57
4;7-8-2018;58
4;7-8-2018;40
4;7-8-2018;52
4;7-8-2018;50
4;7-8-2018;29
4;7-8-2018;56
4;7-8-2018;24
4;7-8-2018;17
4;7-8-2018;55
4;7-8-2018;65
4;7-8-2018;61
4;7-8-2018;49
4;7-8-2018;53
4;7-8-2018;62
4;7-8-2018;54
4;7-8-2018;54
4;7-8-2018;63
4;7-8-2018;57
4;7-8-2018;57
4;7-8-2018;18
4;7-8-2018;18
4;7-8-2018;30
4;7-8-2018;60
4;7-8-2018;58
4;7-8-2018;58
4;7-8-2018;35
4;7-8-2018;56
4;7-8-2018;61
4;7-8-2018;52
4;7-8-2018;55
4;7-8-2018;56
4;7-8-2018;56
4;7-8-2018;54
4;7-8-2018;54
4;7-8-2018;58
4;7-8-2018;30
4;7-8-2018;23
4;7-8-2018;53
4;7-8-2018;59
4;7-8-2018;66
4;7-8-2018;52
4;7-8-2018;65
4;7-8-2018;64
4;7-8-2018;15
4;7-8-2018;50
4;7-8-2018;16
4;7-8-2018;57
4;7-8-2018;40
4;7-8-2018;55
4;7-8-2018;59
4;7-8-2018;57
4;7-8-2018;51
4;7-8-2018;42
4;7-8-2018;66
4;7-8-2018;52
4;7-8-2018;75
4;7-8-2018;16
4;7-8-2018;55
4;7-8-2018;20
4;7-8-2018;48
4;7-8-2018;64
4;7-8-2018;23
4;7-8-2018;65
4;7-8-2018;22
4;7-8-2018;56
4;7-8-2018;59
4;7-8-2018;43
4;7-8-2018;59
4;7-8-2018;52
4;7-8-2018;60
4;7-8-2018;16
4;7-8-2018;16
4;7-8-2018;54
4;7-8-2018;64
4;7-8-2018;70
4;7-8-2018;54
4;7-8-2018;53
4;7-8-2018;47
4;7-8-2018;56
4;7-8-2018;31
4;7-8-2018;56
4;7-8-2018;54
4;7-8-2018;57
4;7-8-2018;55
4;7-8-2018;59
4;7-8-2018;59
4;8-8-2018;63
4;8-8-2018;58
4;8-8-2018;59
4;8-8-2018;59
4;8-8-2018;71
4;8-8-2018;61
4;8-8-2018;58
4;8-8-2018;63
4;8-8-2018;42
4;8-8-2018;63
4;8-8-2018;61
4;8-8-2018;54
4;8-8-2018;21
4;8-8-2018;36
4;8-8-2018;19
4;8-8-2018;40
4;8-8-2018;18
4;8-8-2018;45
4;8-8-2018;49
4;8-8-2018;60
4;8-8-2018;58
4;8-8-2018;59
4;8-8-2018;60
4;8-8-2018;19
4;8-8-2018;19
4;8-8-2018;69
4;8-8-2018;62
4;8-8-2018;61
4;8-8-2018;67
4;8-8-2018;21
4;8-8-2018;43
4;8-8-2018;59
4;8-8-2018;48
4;8-8-2018;58
4;8-8-2018;57
4;8-8-2018;58
4;8-8-2018;61
4;8-8-2018;48
4;8-8-2018;30
4;8-8-2018;63
4;8-8-2018;60
4;8-8-2018;50
4;8-8-2018;64
4;8-8-2018;62
4;8-8-2018;52
4;8-8-2018;64
4;8-8-2018;62
4;8-8-2018;61
4;8-8-2018;62
4;8-8-2018;63
4;8-8-2018;59
4;8-8-2018;61
4;8-8-2018;64
4;8-8-2018;63
4;8-8-2018;55
4;8-8-2018;42
4;8-8-2018;57
4;8-8-2018;22
4;8-8-2018;50
4;8-8-2018;54
4;8-8-2018;54
4;8-8-2018;65
4;8-8-2018;53
4;8-8-2018;55
4;8-8-2018;68
4;8-8-2018;53
4;8-8-2018;73
4;8-8-2018;50
4;8-8-2018;62
4;8-8-2018;50
4;8-8-2018;58
4;8-8-2018;57
4;8-8-2018;40
4;8-8-2018;53
4;8-8-2018;46
4;8-8-2018;50
4;8-8-2018;54
4;8-8-2018;57
4;8-8-2018;60
4;8-8-2018;61
4;8-8-2018;46
4;8-8-2018;58
4;8-8-2018;32
4;8-8-2018;54
4;8-8-2018;61
4;8-8-2018;33
4;8-8-2018;56
4;8-8-2018;70
4;8-8-2018;52
4;8-8-2018;52
4;8-8-2018;57
4;8-8-2018;44
4;8-8-2018;62
4;8-8-2018;37
4;8-8-2018;49
4;8-8-2018;59
4;8-8-2018;50
4;8-8-2018;52
4;8-8-2018;54
4;8-8-2018;53
4;8-8-2018;50
4;8-8-2018;63
4;8-8-2018;59
4;8-8-2018;62
4;8-8-2018;59
4;8-8-2018;18
4;8-8-2018;51
4;8-8-2018;53
4;8-8-2018;52
4;8-8-2018;59
4;8-8-2018;32
4;8-8-2018;50
4;8-8-2018;52
4;8-8-2018;54
4;9-8-2018;48
4;9-8-2018;56
4;9-8-2018;52
4;9-8-2018;50
4;9-8-2018;52
4;9-8-2018;64
4;9-8-2018;53
4;9-8-2018;36
4;9-8-2018;52
4;9-8-2018;31
4;9-8-2018;58
4;9-8-2018;49
4;9-8-2018;51
4;9-8-2018;53
4;9-8-2018;60
4;9-8-2018;50
4;9-8-2018;55
4;9-8-2018;57
4;9-8-2018;47
4;9-8-2018;55
4;9-8-2018;49
4;9-8-2018;59
4;9-8-2018;53
4;9-8-2018;58
4;9-8-2018;50
4;9-8-2018;55
4;9-8-2018;53
4;9-8-2018;14
4;9-8-2018;68
4;9-8-2018;54
4;9-8-2018;59
4;9-8-2018;69
4;9-8-2018;58
4;9-8-2018;65
4;9-8-2018;64
4;9-8-2018;15
4;9-8-2018;62
4;9-8-2018;61
4;9-8-2018;21
4;9-8-2018;62
4;9-8-2018;21
4;9-8-2018;61
4;9-8-2018;21
4;9-8-2018;61
4;9-8-2018;20
4;9-8-2018;15
4;9-8-2018;54
4;9-8-2018;58
4;9-8-2018;14
4;9-8-2018;49
4;9-8-2018;58
4;9-8-2018;62
4;9-8-2018;63
4;9-8-2018;60
4;9-8-2018;59
4;9-8-2018;51
4;9-8-2018;53
4;9-8-2018;57
4;9-8-2018;54
4;9-8-2018;55
4;9-8-2018;57
4;9-8-2018;48
4;9-8-2018;58
4;9-8-2018;50
4;9-8-2018;56
4;9-8-2018;56
4;9-8-2018;57
4;9-8-2018;71
4;9-8-2018;59
4;9-8-2018;57
4;9-8-2018;53
4;9-8-2018;64
4;9-8-2018;56
4;9-8-2018;63
4;10-8-2018;55
4;10-8-2018;40
4;10-8-2018;52
4;10-8-2018;58
4;10-8-2018;48
4;10-8-2018;59
4;10-8-2018;28
4;10-8-2018;57
4;10-8-2018;59
4;10-8-2018;57
4;10-8-2018;51
4;10-8-2018;55
4;10-8-2018;60
4;10-8-2018;58
4;10-8-2018;58
4;10-8-2018;58
4;10-8-2018;59
4;10-8-2018;56
4;10-8-2018;53
4;10-8-2018;51
4;10-8-2018;54
4;10-8-2018;54
4;10-8-2018;63
4;10-8-2018;41
4;10-8-2018;36
4;10-8-2018;26
4;10-8-2018;53
4;10-8-2018;50
4;10-8-2018;67
4;10-8-2018;58
4;10-8-2018;53
4;10-8-2018;62
4;10-8-2018;61
4;10-8-2018;58
4;10-8-2018;45
4;10-8-2018;65
4;10-8-2018;59
4;10-8-2018;59
4;10-8-2018;55
4;10-8-2018;31
4;10-8-2018;64
4;10-8-2018;67
4;10-8-2018;67
4;10-8-2018;60
4;10-8-2018;62
4;10-8-2018;72
4;10-8-2018;70
4;10-8-2018;65
4;10-8-2018;57
4;10-8-2018;63
4;10-8-2018;62
4;10-8-2018;56
4;10-8-2018;61
4;10-8-2018;46
4;10-8-2018;53
4;10-8-2018;60
4;10-8-2018;58
4;10-8-2018;48
4;10-8-2018;72
4;10-8-2018;48
4;10-8-2018;57
4;10-8-2018;32
4;10-8-2018;53
4;10-8-2018;67
4;10-8-2018;46
4;10-8-2018;59
4;10-8-2018;41
4;10-8-2018;58
4;10-8-2018;51
4;10-8-2018;36
4;10-8-2018;57
4;10-8-2018;54
4;10-8-2018;61
4;10-8-2018;61
4;10-8-2018;57
4;10-8-2018;28
4;10-8-2018;50
4;10-8-2018;57
4;10-8-2018;63
4;10-8-2018;55
4;10-8-2018;50
4;10-8-2018;59
4;10-8-2018;59
4;10-8-2018;17
4;10-8-2018;58
4;10-8-2018;57
4;10-8-2018;50
4;10-8-2018;19
4;10-8-2018;61
4;11-8-2018;58
4;11-8-2018;48
4;11-8-2018;58
4;11-8-2018;61
4;11-8-2018;56
4;11-8-2018;59
4;11-8-2018;60
4;11-8-2018;61
4;11-8-2018;66
4;11-8-2018;58
4;11-8-2018;54
4;11-8-2018;63
4;11-8-2018;27
4;11-8-2018;68
4;11-8-2018;38
4;11-8-2018;28
4;11-8-2018;58
4;11-8-2018;51
4;11-8-2018;58
4;11-8-2018;65
4;11-8-2018;23
4;11-8-2018;16
4;11-8-2018;60
4;11-8-2018;48
4;11-8-2018;68
4;11-8-2018;56
4;11-8-2018;31
4;11-8-2018;24
4;11-8-2018;70
4;11-8-2018;69
4;11-8-2018;27
4;11-8-2018;20
4;11-8-2018;58
4;11-8-2018;64
4;11-8-2018;55
4;11-8-2018;65
4;11-8-2018;52
4;11-8-2018;52
4;11-8-2018;57
4;11-8-2018;60
4;11-8-2018;43
4;11-8-2018;66
4;11-8-2018;16
4;11-8-2018;43
4;11-8-2018;60
4;11-8-2018;56
4;11-8-2018;67
4;11-8-2018;59
4;11-8-2018;59
4;11-8-2018;57
4;11-8-2018;58
4;11-8-2018;65
4;11-8-2018;17
4;11-8-2018;19
4;11-8-2018;20
4;11-8-2018;59
4;11-8-2018;61
4;11-8-2018;57
4;11-8-2018;44
4;11-8-2018;56
4;11-8-2018;73
4;11-8-2018;60
4;11-8-2018;67
4;11-8-2018;78
4;11-8-2018;68
4;11-8-2018;77
4;11-8-2018;23
4;11-8-2018;30
4;11-8-2018;21
4;11-8-2018;67
4;11-8-2018;69
4;11-8-2018;56
4;11-8-2018;55
4;11-8-2018;60
4;11-8-2018;55
4;11-8-2018;18
4;11-8-2018;24
4;11-8-2018;70
4;11-8-2018;58
4;11-8-2018;42
4;11-8-2018;67
4;11-8-2018;39
4;11-8-2018;55
4;11-8-2018;15
4;11-8-2018;49
4;12-8-2018;0
4;13-8-2018;0
4;14-8-2018;59
4;14-8-2018;68
4;14-8-2018;72
4;14-8-2018;19
4;14-8-2018;16
4;14-8-2018;37
4;14-8-2018;59
4;14-8-2018;20
4;14-8-2018;18
4;14-8-2018;59
4;14-8-2018;14
4;14-8-2018;56
4;14-8-2018;22
4;14-8-2018;47
4;14-8-2018;15
4;14-8-2018;57
4;14-8-2018;19
4;14-8-2018;51
4;14-8-2018;47
4;14-8-2018;68
4;14-8-2018;64
4;14-8-2018;75
4;14-8-2018;51
4;14-8-2018;47
4;14-8-2018;55
4;14-8-2018;58
4;14-8-2018;56
4;14-8-2018;55
4;14-8-2018;58
4;14-8-2018;58
4;14-8-2018;54
4;14-8-2018;43
4;14-8-2018;25
4;14-8-2018;43
4;14-8-2018;49
4;14-8-2018;57
4;14-8-2018;67
4;14-8-2018;53
4;14-8-2018;59
4;14-8-2018;69
4;14-8-2018;61
4;14-8-2018;61
4;14-8-2018;57
4;14-8-2018;19
4;14-8-2018;68
4;14-8-2018;54
4;14-8-2018;45
4;14-8-2018;19
4;14-8-2018;29
4;14-8-2018;51
4;14-8-2018;24
4;14-8-2018;60
4;14-8-2018;58
4;14-8-2018;56
4;14-8-2018;51
4;14-8-2018;53
4;14-8-2018;33
4;14-8-2018;43
4;14-8-2018;53
4;14-8-2018;48
4;14-8-2018;67
4;14-8-2018;49
4;14-8-2018;38
4;14-8-2018;57
4;14-8-2018;65
4;14-8-2018;64
4;14-8-2018;59
4;14-8-2018;59
4;14-8-2018;68
4;14-8-2018;40
4;14-8-2018;58
4;14-8-2018;53
4;14-8-2018;59
4;14-8-2018;58
4;14-8-2018;57
4;14-8-2018;57
4;14-8-2018;62
4;14-8-2018;60
4;14-8-2018;60
4;14-8-2018;62
4;14-8-2018;59
4;14-8-2018;54
4;14-8-2018;48
4;14-8-2018;52
4;14-8-2018;44
4;14-8-2018;67
4;14-8-2018;58
4;14-8-2018;60
4;14-8-2018;55
4;14-8-2018;65
4;14-8-2018;50
4;14-8-2018;29
4;14-8-2018;25
4;14-8-2018;55
4;14-8-2018;62
4;14-8-2018;41
4;14-8-2018;58
4;14-8-2018;48
4;14-8-2018;57
4;14-8-2018;58
4;15-8-2018;53
4;15-8-2018;55
4;15-8-2018;30
4;15-8-2018;63
4;15-8-2018;59
4;15-8-2018;55
4;15-8-2018;51
4;15-8-2018;52
4;15-8-2018;59
4;15-8-2018;22
4;15-8-2018;59
4;15-8-2018;67
4;15-8-2018;48
4;15-8-2018;58
4;15-8-2018;55
4;15-8-2018;21
4;15-8-2018;37
4;15-8-2018;56
4;15-8-2018;43
4;15-8-2018;49
4;15-8-2018;62
4;15-8-2018;60
4;15-8-2018;38
4;15-8-2018;61
4;15-8-2018;62
4;15-8-2018;59
4;15-8-2018;61
4;15-8-2018;39
4;15-8-2018;55
4;15-8-2018;58
4;15-8-2018;57
4;15-8-2018;59
4;15-8-2018;46
4;15-8-2018;33
4;15-8-2018;56
4;15-8-2018;54
4;15-8-2018;52
4;15-8-2018;47
4;15-8-2018;45
4;15-8-2018;53
4;15-8-2018;42
4;15-8-2018;38
4;15-8-2018;56
4;15-8-2018;39
4;15-8-2018;53
4;15-8-2018;56
4;15-8-2018;57
4;15-8-2018;67
4;15-8-2018;62
4;15-8-2018;60
4;15-8-2018;59
4;15-8-2018;63
4;15-8-2018;62
4;15-8-2018;64
4;15-8-2018;61
4;15-8-2018;63
4;15-8-2018;63
4;15-8-2018;63
4;15-8-2018;51
4;15-8-2018;62
4;15-8-2018;70
4;15-8-2018;65
4;15-8-2018;63
4;15-8-2018;57
4;15-8-2018;55
4;15-8-2018;54
4;15-8-2018;53
4;15-8-2018;31
4;15-8-2018;53
4;15-8-2018;56
4;15-8-2018;43
4;15-8-2018;49
4;15-8-2018;16
4;15-8-2018;36
4;15-8-2018;40
4;15-8-2018;39
4;15-8-2018;32
4;15-8-2018;62
4;15-8-2018;31
4;15-8-2018;58
4;15-8-2018;54
4;15-8-2018;63
4;15-8-2018;54
4;15-8-2018;32
4;15-8-2018;70
4;15-8-2018;64
4;15-8-2018;62
4;15-8-2018;60
4;16-8-2018;0
4;17-8-2018;24
4;17-8-2018;70
4;17-8-2018;64
4;17-8-2018;54
4;17-8-2018;62
4;17-8-2018;61
4;17-8-2018;67
4;17-8-2018;19
4;17-8-2018;69
4;17-8-2018;66
4;17-8-2018;58
4;17-8-2018;50
4;17-8-2018;25
4;17-8-2018;19
4;17-8-2018;56
4;17-8-2018;57
4;17-8-2018;60
4;17-8-2018;36
4;17-8-2018;65
4;17-8-2018;30
4;17-8-2018;56
4;17-8-2018;60
4;17-8-2018;50
4;17-8-2018;46
4;17-8-2018;47
4;17-8-2018;53
4;17-8-2018;58
4;17-8-2018;48
4;17-8-2018;60
4;17-8-2018;65
4;17-8-2018;63
4;17-8-2018;42
4;17-8-2018;46
4;17-8-2018;37
4;17-8-2018;54
4;17-8-2018;59
4;17-8-2018;37
4;17-8-2018;67
4;17-8-2018;37
4;17-8-2018;33
4;17-8-2018;59
4;17-8-2018;26
4;17-8-2018;71
4;17-8-2018;52
4;17-8-2018;63
4;17-8-2018;43
4;17-8-2018;49
4;17-8-2018;54
4;17-8-2018;52
4;17-8-2018;63
4;17-8-2018;63
4;17-8-2018;30
4;17-8-2018;62
4;17-8-2018;22
4;17-8-2018;57
4;17-8-2018;52
4;17-8-2018;50
4;18-8-2018;61
4;18-8-2018;58
4;18-8-2018;58
4;18-8-2018;46
4;18-8-2018;53
4;18-8-2018;51
4;18-8-2018;58
4;18-8-2018;60
4;18-8-2018;58
4;18-8-2018;56
4;18-8-2018;57
4;18-8-2018;61
4;18-8-2018;56
4;18-8-2018;23
4;18-8-2018;24
4;18-8-2018;54
4;18-8-2018;54
4;18-8-2018;48
4;18-8-2018;57
4;18-8-2018;43
4;18-8-2018;53
4;18-8-2018;26
4;18-8-2018;53
4;18-8-2018;42
4;18-8-2018;51
4;18-8-2018;46
4;18-8-2018;55
4;18-8-2018;50
4;18-8-2018;50
4;18-8-2018;17
4;18-8-2018;59
4;19-8-2018;76
4;19-8-2018;60
4;19-8-2018;62
4;19-8-2018;63
4;19-8-2018;36
4;19-8-2018;49
4;19-8-2018;46
4;19-8-2018;59
4;19-8-2018;57
4;19-8-2018;64
4;19-8-2018;53
4;19-8-2018;30
4;19-8-2018;66
4;19-8-2018;55
4;19-8-2018;63
4;19-8-2018;74
4;19-8-2018;71
4;19-8-2018;64
4;19-8-2018;56
4;19-8-2018;65
4;19-8-2018;58
4;19-8-2018;61
4;19-8-2018;70
4;19-8-2018;74
4;19-8-2018;55
4;19-8-2018;50
4;19-8-2018;61
4;19-8-2018;57
4;19-8-2018;35
4;19-8-2018;26
4;19-8-2018;26
4;19-8-2018;35
4;19-8-2018;18
4;19-8-2018;61
4;19-8-2018;67
4;19-8-2018;65
4;19-8-2018;41
4;19-8-2018;55
4;19-8-2018;25
4;19-8-2018;58
4;20-8-2018;0
4;21-8-2018;66
4;21-8-2018;64
4;21-8-2018;66
4;21-8-2018;67
4;21-8-2018;69
4;21-8-2018;75
4;21-8-2018;67
4;21-8-2018;74
4;21-8-2018;68
4;21-8-2018;69
4;21-8-2018;33
4;21-8-2018;63
4;21-8-2018;24
4;21-8-2018;63
4;21-8-2018;69
4;21-8-2018;63
4;21-8-2018;40
4;21-8-2018;60
4;21-8-2018;66
4;21-8-2018;34
4;21-8-2018;70
4;21-8-2018;46
4;21-8-2018;65
4;21-8-2018;63
4;21-8-2018;45
4;21-8-2018;68
4;21-8-2018;68
4;21-8-2018;74
4;21-8-2018;52
4;21-8-2018;73
4;21-8-2018;63
4;21-8-2018;58
4;21-8-2018;59
4;21-8-2018;43
4;21-8-2018;65
4;21-8-2018;67
4;21-8-2018;73
4;21-8-2018;22
4;21-8-2018;45
4;21-8-2018;73
4;21-8-2018;73
4;21-8-2018;69
4;21-8-2018;25
4;21-8-2018;69
4;21-8-2018;60
4;21-8-2018;55
4;21-8-2018;59
4;21-8-2018;69
4;21-8-2018;71
4;21-8-2018;22
4;21-8-2018;20
4;21-8-2018;61
4;21-8-2018;56
4;21-8-2018;46
4;21-8-2018;67
4;21-8-2018;70
4;21-8-2018;48
4;21-8-2018;73
4;21-8-2018;58
4;21-8-2018;68
4;21-8-2018;63
4;21-8-2018;68
4;21-8-2018;72
4;21-8-2018;63
4;21-8-2018;67
4;21-8-2018;48
4;21-8-2018;51
4;21-8-2018;64
4;21-8-2018;40
4;21-8-2018;63
4;21-8-2018;63
4;21-8-2018;53
4;21-8-2018;58
4;21-8-2018;60
4;21-8-2018;66
4;21-8-2018;54
4;21-8-2018;14
4;21-8-2018;66
4;21-8-2018;68
4;21-8-2018;63
4;21-8-2018;69
4;21-8-2018;59
4;21-8-2018;28
4;21-8-2018;60
4;21-8-2018;66
4;21-8-2018;73
4;21-8-2018;28
4;21-8-2018;65
4;21-8-2018;68
4;21-8-2018;65
4;21-8-2018;61
4;21-8-2018;65
4;21-8-2018;64
4;21-8-2018;30
4;21-8-2018;64
4;21-8-2018;67
4;21-8-2018;62
4;21-8-2018;33
4;21-8-2018;68
4;21-8-2018;62
4;21-8-2018;19
4;21-8-2018;61
4;21-8-2018;65
4;21-8-2018;64
4;21-8-2018;62
4;21-8-2018;67
4;21-8-2018;63
4;21-8-2018;60
4;21-8-2018;63
4;21-8-2018;55
4;21-8-2018;22
4;21-8-2018;59
4;21-8-2018;59
4;21-8-2018;62
4;21-8-2018;63
4;21-8-2018;59
4;21-8-2018;69
4;22-8-2018;71
4;22-8-2018;74
4;22-8-2018;16
4;22-8-2018;56
4;22-8-2018;49
4;22-8-2018;54
4;22-8-2018;71
4;22-8-2018;71
4;22-8-2018;60
4;22-8-2018;77
4;22-8-2018;77
4;22-8-2018;65
4;22-8-2018;64
4;22-8-2018;75
4;22-8-2018;63
4;23-8-2018;66
4;23-8-2018;60
4;23-8-2018;39
4;23-8-2018;59
4;23-8-2018;62
4;23-8-2018;67
4;23-8-2018;39
4;23-8-2018;62
4;23-8-2018;66
4;23-8-2018;54
4;23-8-2018;54
4;23-8-2018;63
4;23-8-2018;55
4;23-8-2018;67
4;23-8-2018;74
4;23-8-2018;62
4;23-8-2018;50
4;23-8-2018;69
4;23-8-2018;65
4;23-8-2018;61
4;23-8-2018;64
4;23-8-2018;38
4;23-8-2018;64
4;23-8-2018;54
4;23-8-2018;58
4;23-8-2018;59
4;23-8-2018;26
4;23-8-2018;73
4;23-8-2018;30
4;23-8-2018;64
4;23-8-2018;55
4;23-8-2018;57
4;23-8-2018;67
4;23-8-2018;60
4;23-8-2018;21
4;23-8-2018;51
4;23-8-2018;18
4;23-8-2018;19
4;23-8-2018;53
4;23-8-2018;64
4;23-8-2018;42
4;23-8-2018;56
4;23-8-2018;49
4;23-8-2018;64
4;23-8-2018;56
4;23-8-2018;57
4;23-8-2018;64
4;23-8-2018;44
4;23-8-2018;57
4;23-8-2018;33
4;23-8-2018;41
4;23-8-2018;74
4;23-8-2018;55
4;23-8-2018;64
4;24-8-2018;0
4;25-8-2018;0
4;26-8-2018;0
4;27-8-2018;27
4;27-8-2018;59
4;27-8-2018;58
4;27-8-2018;48
4;27-8-2018;51
4;27-8-2018;22
4;27-8-2018;55
4;27-8-2018;21
4;27-8-2018;57
4;27-8-2018;30
4;27-8-2018;54
4;27-8-2018;53
4;27-8-2018;55
4;27-8-2018;57
4;27-8-2018;49
4;27-8-2018;55
4;27-8-2018;25
4;27-8-2018;61
4;27-8-2018;59
4;27-8-2018;58
4;27-8-2018;39
4;27-8-2018;51
4;27-8-2018;35
4;27-8-2018;45
4;27-8-2018;36
4;27-8-2018;50
4;27-8-2018;50
4;27-8-2018;56
4;27-8-2018;62
4;27-8-2018;55
4;27-8-2018;57
4;27-8-2018;55
4;27-8-2018;30
4;27-8-2018;57
4;27-8-2018;50
4;27-8-2018;21
4;27-8-2018;52
4;27-8-2018;58
4;27-8-2018;34
4;27-8-2018;20
4;27-8-2018;57
4;27-8-2018;52
4;27-8-2018;56
4;27-8-2018;50
4;27-8-2018;41
4;27-8-2018;53
4;27-8-2018;50
4;27-8-2018;57
4;27-8-2018;52
4;27-8-2018;49
4;27-8-2018;52
4;27-8-2018;51
4;27-8-2018;48
4;27-8-2018;42
4;27-8-2018;44
4;27-8-2018;49
4;27-8-2018;57
4;27-8-2018;55
4;27-8-2018;41
4;27-8-2018;42
4;27-8-2018;43
4;27-8-2018;56
4;27-8-2018;17
4;27-8-2018;51
4;27-8-2018;22
4;27-8-2018;32
4;27-8-2018;29
4;27-8-2018;54
4;27-8-2018;48
4;27-8-2018;35
4;27-8-2018;55
4;27-8-2018;54
4;27-8-2018;52
4;27-8-2018;49
4;27-8-2018;59
4;27-8-2018;61
4;27-8-2018;57
4;27-8-2018;58
4;27-8-2018;70
4;27-8-2018;68
4;27-8-2018;65
4;27-8-2018;71
4;27-8-2018;18
4;27-8-2018;65
4;27-8-2018;58
4;27-8-2018;58
4;27-8-2018;57
4;27-8-2018;56
4;27-8-2018;54
4;27-8-2018;51
4;27-8-2018;56
4;27-8-2018;56
4;27-8-2018;61
4;27-8-2018;51
4;27-8-2018;41
4;27-8-2018;64
4;27-8-2018;53
4;27-8-2018;61
4;27-8-2018;66
4;27-8-2018;55
4;27-8-2018;27
4;27-8-2018;57
4;27-8-2018;46
4;27-8-2018;50
4;27-8-2018;24
4;27-8-2018;25
4;27-8-2018;50
4;27-8-2018;57
4;27-8-2018;56
4;27-8-2018;57
4;27-8-2018;57
4;27-8-2018;49
4;27-8-2018;58
4;28-8-2018;53
4;28-8-2018;33
4;28-8-2018;50
4;28-8-2018;27
4;28-8-2018;48
4;28-8-2018;42
4;28-8-2018;59
4;28-8-2018;26
4;28-8-2018;23
4;28-8-2018;42
4;28-8-2018;54
4;28-8-2018;58
4;28-8-2018;59
4;28-8-2018;61
4;28-8-2018;51
4;28-8-2018;14
4;28-8-2018;59
4;28-8-2018;51
4;28-8-2018;53
4;28-8-2018;49
4;28-8-2018;15
4;28-8-2018;59
4;28-8-2018;46
4;28-8-2018;33
4;28-8-2018;51
4;28-8-2018;45
4;28-8-2018;60
4;28-8-2018;52
4;28-8-2018;29
4;28-8-2018;50
4;28-8-2018;57
4;28-8-2018;45
4;28-8-2018;63
4;28-8-2018;48
4;28-8-2018;45
4;28-8-2018;56
4;28-8-2018;68
4;28-8-2018;60
4;28-8-2018;37
4;28-8-2018;38
4;28-8-2018;47
4;28-8-2018;68
4;28-8-2018;67
4;28-8-2018;68
4;28-8-2018;56
4;28-8-2018;58
4;28-8-2018;61
4;28-8-2018;59
4;28-8-2018;57
4;28-8-2018;56
4;28-8-2018;54
4;28-8-2018;52
4;28-8-2018;48
4;28-8-2018;52
4;28-8-2018;17
4;28-8-2018;75
4;28-8-2018;57
4;28-8-2018;64
4;28-8-2018;64
4;28-8-2018;72
4;28-8-2018;65
4;28-8-2018;59
4;28-8-2018;57
4;28-8-2018;61
4;28-8-2018;61
4;28-8-2018;60
4;28-8-2018;60
4;28-8-2018;67
4;28-8-2018;61
4;28-8-2018;65
4;28-8-2018;22
4;28-8-2018;54
4;28-8-2018;50
4;28-8-2018;51
4;28-8-2018;55
4;28-8-2018;46
4;28-8-2018;52
4;28-8-2018;43
4;28-8-2018;55
4;28-8-2018;58
4;28-8-2018;40
4;28-8-2018;54
4;28-8-2018;35
4;28-8-2018;51
4;28-8-2018;57
4;28-8-2018;43
4;28-8-2018;51
4;28-8-2018;61
4;28-8-2018;52
4;28-8-2018;35
4;28-8-2018;61
4;28-8-2018;58
4;28-8-2018;57
4;28-8-2018;53
4;28-8-2018;47
4;28-8-2018;31
4;28-8-2018;60
4;28-8-2018;26
4;28-8-2018;17
4;28-8-2018;65
4;28-8-2018;24
4;28-8-2018;64
4;28-8-2018;60
4;28-8-2018;26
4;28-8-2018;52
4;28-8-2018;57
4;28-8-2018;52
4;28-8-2018;62
4;28-8-2018;49
4;28-8-2018;54
4;28-8-2018;55
4;28-8-2018;65
4;28-8-2018;61
4;28-8-2018;48
4;28-8-2018;41
4;28-8-2018;27
4;28-8-2018;58
4;28-8-2018;54
4;28-8-2018;50
4;28-8-2018;54
4;28-8-2018;52
4;28-8-2018;64
4;28-8-2018;51
4;28-8-2018;63
4;28-8-2018;34
4;28-8-2018;58
4;28-8-2018;66
4;29-8-2018;0
4;30-8-2018;36
4;30-8-2018;54
4;30-8-2018;30
4;30-8-2018;17
4;30-8-2018;68
4;30-8-2018;70
4;30-8-2018;72
4;30-8-2018;58
4;30-8-2018;61
4;30-8-2018;63
4;30-8-2018;71
4;30-8-2018;71
4;30-8-2018;61
4;30-8-2018;62
4;30-8-2018;57
4;30-8-2018;59
4;30-8-2018;60
4;30-8-2018;44
4;30-8-2018;63
4;30-8-2018;53
4;30-8-2018;63
4;30-8-2018;61
4;30-8-2018;21
4;30-8-2018;62
4;30-8-2018;19
4;30-8-2018;65
4;30-8-2018;66
4;30-8-2018;44
4;30-8-2018;20
4;30-8-2018;62
4;30-8-2018;23
4;30-8-2018;40
4;30-8-2018;57
4;30-8-2018;44
4;30-8-2018;61
4;30-8-2018;44
4;30-8-2018;58
4;30-8-2018;37
4;30-8-2018;35
4;30-8-2018;55
4;30-8-2018;47
4;30-8-2018;54
4;30-8-2018;50
4;30-8-2018;50
4;30-8-2018;54
4;30-8-2018;57
4;30-8-2018;46
4;30-8-2018;56
4;30-8-2018;45
4;30-8-2018;59
4;30-8-2018;20
4;30-8-2018;60
4;30-8-2018;20
4;30-8-2018;61
4;30-8-2018;20
4;30-8-2018;41
4;30-8-2018;62
4;30-8-2018;62
4;30-8-2018;47
4;30-8-2018;65
4;30-8-2018;30
4;30-8-2018;44
4;30-8-2018;54
4;30-8-2018;65
4;30-8-2018;61
4;30-8-2018;61
4;30-8-2018;31
4;30-8-2018;43
4;30-8-2018;32
4;30-8-2018;44
4;30-8-2018;53
4;30-8-2018;58
4;30-8-2018;57
4;30-8-2018;51
4;30-8-2018;17
4;30-8-2018;52
4;30-8-2018;30
4;30-8-2018;48
4;30-8-2018;27
4;30-8-2018;57
4;30-8-2018;60
4;30-8-2018;53
4;30-8-2018;45
4;30-8-2018;55
4;30-8-2018;60
4;30-8-2018;56
4;30-8-2018;38
4;30-8-2018;39
4;30-8-2018;17
4;30-8-2018;71
4;30-8-2018;43
4;30-8-2018;56
4;30-8-2018;45
4;30-8-2018;66
4;30-8-2018;33
4;30-8-2018;44
4;30-8-2018;59
4;30-8-2018;30
4;30-8-2018;55
4;30-8-2018;42
4;30-8-2018;72
4;30-8-2018;40
4;30-8-2018;44
4;30-8-2018;50
4;30-8-2018;54
4;30-8-2018;47
4;30-8-2018;55
4;30-8-2018;60
4;30-8-2018;47
4;30-8-2018;52
4;30-8-2018;64
4;30-8-2018;38
4;30-8-2018;66
4;30-8-2018;59
4;30-8-2018;63
4;31-8-2018;53
4;31-8-2018;58
4;31-8-2018;41
4;31-8-2018;57
4;31-8-2018;63
4;31-8-2018;59
4;31-8-2018;52
4;31-8-2018;56
4;31-8-2018;59
4;31-8-2018;60
4;31-8-2018;47
4;31-8-2018;59
4;31-8-2018;62
4;31-8-2018;44
4;31-8-2018;59
4;31-8-2018;62
4;31-8-2018;53
4;31-8-2018;58
4;31-8-2018;25
4;31-8-2018;47
4;31-8-2018;50
4;31-8-2018;70
4;31-8-2018;56
4;31-8-2018;57
4;31-8-2018;47
4;31-8-2018;55
4;31-8-2018;23
4;31-8-2018;47
4;31-8-2018;20
4;31-8-2018;59
4;31-8-2018;61
4;31-8-2018;59
4;31-8-2018;50
4;31-8-2018;41
4;31-8-2018;42
4;31-8-2018;29
4;31-8-2018;46
4;31-8-2018;31
4;31-8-2018;54
4;31-8-2018;44
4;31-8-2018;60
4;31-8-2018;68
4;31-8-2018;29
4;31-8-2018;56
4;31-8-2018;15
4;31-8-2018;56
4;31-8-2018;39
4;31-8-2018;56
4;31-8-2018;56
4;31-8-2018;51
4;31-8-2018;58
4;31-8-2018;78
4;31-8-2018;72
4;31-8-2018;66
4;31-8-2018;74
4;31-8-2018;59
4;31-8-2018;65
4;31-8-2018;72
4;31-8-2018;69
4;31-8-2018;74
4;31-8-2018;44
4;31-8-2018;61
4;31-8-2018;50
4;31-8-2018;57
4;31-8-2018;56
4;31-8-2018;49
4;31-8-2018;26
4;31-8-2018;47
4;31-8-2018;64
4;31-8-2018;60
4;31-8-2018;62
4;31-8-2018;56
4;31-8-2018;51
4;31-8-2018;58
4;31-8-2018;68
4;31-8-2018;62
4;31-8-2018;64
4;31-8-2018;56
4;31-8-2018;66
4;31-8-2018;55
4;31-8-2018;60
4;31-8-2018;52
4;31-8-2018;64
4;1-9-2018;20
4;1-9-2018;57
4;1-9-2018;52
4;1-9-2018;18
4;1-9-2018;65
4;1-9-2018;63
4;1-9-2018;58
4;1-9-2018;53
4;1-9-2018;53
4;1-9-2018;56
4;1-9-2018;63
4;1-9-2018;64
4;1-9-2018;57
4;1-9-2018;65
4;1-9-2018;53
4;1-9-2018;66
4;1-9-2018;58
4;1-9-2018;62
4;1-9-2018;60
4;1-9-2018;41
4;1-9-2018;65
4;1-9-2018;67
4;1-9-2018;52
4;1-9-2018;66
4;1-9-2018;59
4;1-9-2018;40
4;1-9-2018;61
4;1-9-2018;54
4;1-9-2018;64
4;1-9-2018;59
4;1-9-2018;65
4;1-9-2018;65
4;1-9-2018;64
4;1-9-2018;67
4;1-9-2018;78
4;1-9-2018;75
4;1-9-2018;62
4;1-9-2018;70
4;1-9-2018;82
4;1-9-2018;68
4;1-9-2018;76
4;1-9-2018;68
4;1-9-2018;74
4;1-9-2018;60
4;1-9-2018;51
4;1-9-2018;59
4;1-9-2018;19
4;1-9-2018;17
4;1-9-2018;23
4;1-9-2018;21
4;1-9-2018;28
4;1-9-2018;40
4;1-9-2018;17
4;1-9-2018;16
4;1-9-2018;19
4;1-9-2018;22
4;1-9-2018;21
4;1-9-2018;14
4;1-9-2018;45
4;1-9-2018;66
4;1-9-2018;52
4;1-9-2018;64
4;1-9-2018;53
4;1-9-2018;62
4;1-9-2018;59
4;1-9-2018;52
4;1-9-2018;50
4;1-9-2018;53
4;1-9-2018;42
4;1-9-2018;29
4;1-9-2018;57
4;1-9-2018;44
4;1-9-2018;43
4;1-9-2018;31
4;1-9-2018;39
4;1-9-2018;61
4;1-9-2018;61
4;1-9-2018;63
4;1-9-2018;39
4;1-9-2018;56
4;1-9-2018;65
4;1-9-2018;75
4;1-9-2018;54
4;1-9-2018;56
4;1-9-2018;62
4;1-9-2018;50
4;1-9-2018;62
4;1-9-2018;58
4;1-9-2018;55
4;1-9-2018;64
4;1-9-2018;58
4;1-9-2018;58
4;1-9-2018;62
4;1-9-2018;59
4;1-9-2018;62
4;1-9-2018;62
4;1-9-2018;47
4;1-9-2018;51
4;1-9-2018;62
4;1-9-2018;17
4;1-9-2018;57
4;1-9-2018;74
4;1-9-2018;53
4;1-9-2018;19
4;1-9-2018;56
4;1-9-2018;61
4;1-9-2018;51
4;1-9-2018;61
4;1-9-2018;63
4;1-9-2018;29
4;1-9-2018;66
4;1-9-2018;49
4;1-9-2018;59
4;1-9-2018;54
4;1-9-2018;71
4;1-9-2018;52
4;1-9-2018;60
4;1-9-2018;46
4;1-9-2018;48
4;1-9-2018;65
4;1-9-2018;66
4;1-9-2018;60
4;1-9-2018;51
4;1-9-2018;60
4;1-9-2018;57
4;1-9-2018;60
4;1-9-2018;16
4;1-9-2018;63
4;1-9-2018;54
4;2-9-2018;0
4;3-9-2018;61
4;3-9-2018;29
4;3-9-2018;55
4;3-9-2018;40
4;3-9-2018;24
4;3-9-2018;55
4;3-9-2018;63
4;3-9-2018;59
4;3-9-2018;49
4;3-9-2018;49
4;3-9-2018;61
4;3-9-2018;53
4;3-9-2018;56
4;3-9-2018;47
4;3-9-2018;48
4;3-9-2018;67
4;3-9-2018;25
4;3-9-2018;51
4;3-9-2018;60
4;3-9-2018;51
4;3-9-2018;59
4;3-9-2018;52
4;3-9-2018;64
4;3-9-2018;44
4;3-9-2018;61
4;3-9-2018;54
4;3-9-2018;62
4;3-9-2018;59
4;3-9-2018;59
4;3-9-2018;57
4;3-9-2018;53
4;3-9-2018;57
4;3-9-2018;61
4;3-9-2018;60
4;3-9-2018;58
4;3-9-2018;59
4;3-9-2018;46
4;3-9-2018;58
4;3-9-2018;61
4;3-9-2018;54
4;3-9-2018;59
4;3-9-2018;63
4;3-9-2018;51
4;3-9-2018;55
4;3-9-2018;28
4;3-9-2018;50
4;3-9-2018;25
4;3-9-2018;54
4;3-9-2018;57
4;3-9-2018;57
4;3-9-2018;48
4;3-9-2018;57
4;3-9-2018;42
4;3-9-2018;58
4;3-9-2018;50
4;3-9-2018;55
4;3-9-2018;46
4;3-9-2018;45
4;3-9-2018;42
4;3-9-2018;39
4;3-9-2018;16
4;3-9-2018;45
4;3-9-2018;40
4;3-9-2018;51
4;3-9-2018;44
4;3-9-2018;57
4;3-9-2018;42
4;3-9-2018;55
4;3-9-2018;41
4;3-9-2018;62
4;3-9-2018;16
4;3-9-2018;57
4;3-9-2018;54
4;3-9-2018;55
4;3-9-2018;55
4;3-9-2018;58
4;3-9-2018;18
4;3-9-2018;56
4;3-9-2018;55
4;3-9-2018;47
4;3-9-2018;47
4;3-9-2018;58
4;3-9-2018;49
4;3-9-2018;58
4;3-9-2018;50
4;3-9-2018;58
4;3-9-2018;53
4;3-9-2018;60
4;3-9-2018;49
4;3-9-2018;55
4;3-9-2018;46
4;3-9-2018;64
4;3-9-2018;57
4;3-9-2018;25
4;3-9-2018;55
4;3-9-2018;60
4;3-9-2018;52
4;3-9-2018;64
4;3-9-2018;54
4;3-9-2018;17
4;3-9-2018;37
4;3-9-2018;71
4;3-9-2018;61
4;3-9-2018;65
4;3-9-2018;71
4;3-9-2018;65
4;3-9-2018;72
4;3-9-2018;65
4;3-9-2018;66
4;3-9-2018;60
4;3-9-2018;59
4;3-9-2018;57
4;4-9-2018;0
4;5-9-2018;61
4;5-9-2018;51
4;5-9-2018;67
4;5-9-2018;60
4;5-9-2018;57
4;5-9-2018;56
4;5-9-2018;65
4;5-9-2018;46
4;5-9-2018;57
4;5-9-2018;18
4;5-9-2018;48
4;5-9-2018;17
4;5-9-2018;58
4;5-9-2018;16
4;5-9-2018;69
4;5-9-2018;70
4;5-9-2018;63
4;5-9-2018;69
4;5-9-2018;68
4;5-9-2018;58
4;5-9-2018;64
4;5-9-2018;64
4;5-9-2018;69
4;5-9-2018;65
4;5-9-2018;61
4;5-9-2018;19
4;5-9-2018;66
4;5-9-2018;45
4;5-9-2018;65
4;5-9-2018;66
4;5-9-2018;60
4;5-9-2018;62
4;5-9-2018;23
4;5-9-2018;58
4;5-9-2018;58
4;5-9-2018;44
4;5-9-2018;60
4;5-9-2018;38
4;5-9-2018;41
4;5-9-2018;67
4;5-9-2018;44
4;5-9-2018;36
4;5-9-2018;55
4;5-9-2018;56
4;5-9-2018;29
4;5-9-2018;51
4;5-9-2018;47
4;5-9-2018;57
4;5-9-2018;20
4;5-9-2018;60
4;5-9-2018;16
4;5-9-2018;57
4;5-9-2018;56
4;5-9-2018;18
4;5-9-2018;56
4;5-9-2018;18
4;5-9-2018;65
4;5-9-2018;65
4;5-9-2018;35
4;5-9-2018;60
4;5-9-2018;13
4;5-9-2018;36
4;5-9-2018;56
4;5-9-2018;53
4;5-9-2018;55
4;5-9-2018;31
4;5-9-2018;56
4;5-9-2018;60
4;5-9-2018;61
4;5-9-2018;60
4;5-9-2018;54
4;5-9-2018;58
4;5-9-2018;60
4;5-9-2018;59
4;5-9-2018;61
4;5-9-2018;64
4;5-9-2018;56
4;5-9-2018;24
4;5-9-2018;55
4;5-9-2018;43
4;5-9-2018;56
4;5-9-2018;57
4;5-9-2018;64
4;5-9-2018;62
4;5-9-2018;72
4;5-9-2018;54
4;5-9-2018;42
4;5-9-2018;64
4;5-9-2018;48
4;5-9-2018;42
4;5-9-2018;75
4;5-9-2018;56
4;5-9-2018;63
4;5-9-2018;35
4;5-9-2018;59
4;5-9-2018;68
4;5-9-2018;54
4;5-9-2018;58
4;5-9-2018;55
4;5-9-2018;61
4;5-9-2018;49
4;5-9-2018;40
4;5-9-2018;50
4;5-9-2018;74
4;5-9-2018;55
4;5-9-2018;62
4;5-9-2018;68
4;5-9-2018;53
4;5-9-2018;50
4;5-9-2018;58
4;5-9-2018;41
4;5-9-2018;52
4;5-9-2018;45
4;5-9-2018;59
4;5-9-2018;60
4;5-9-2018;50
4;5-9-2018;14
4;5-9-2018;49
4;5-9-2018;52
4;5-9-2018;63
4;5-9-2018;56
4;6-9-2018;63
4;6-9-2018;57
4;6-9-2018;25
4;6-9-2018;53
4;6-9-2018;61
4;6-9-2018;22
4;6-9-2018;59
4;6-9-2018;60
4;6-9-2018;74
4;6-9-2018;53
4;6-9-2018;65
4;6-9-2018;64
4;6-9-2018;62
4;6-9-2018;62
4;6-9-2018;63
4;6-9-2018;63
4;6-9-2018;49
4;6-9-2018;64
4;6-9-2018;51
4;6-9-2018;60
4;6-9-2018;72
4;6-9-2018;77
4;6-9-2018;62
4;6-9-2018;60
4;6-9-2018;77
4;6-9-2018;76
4;6-9-2018;65
4;6-9-2018;78
4;6-9-2018;68
4;6-9-2018;59
4;6-9-2018;61
4;6-9-2018;52
4;6-9-2018;63
4;6-9-2018;51
4;6-9-2018;64
4;6-9-2018;72
4;6-9-2018;48
4;6-9-2018;63
4;6-9-2018;48
4;6-9-2018;62
4;6-9-2018;20
4;6-9-2018;59
4;6-9-2018;25
4;6-9-2018;58
4;6-9-2018;62
4;6-9-2018;61
4;6-9-2018;60
4;6-9-2018;27
4;6-9-2018;19
4;6-9-2018;26
4;6-9-2018;54
4;6-9-2018;58
4;6-9-2018;62
4;6-9-2018;54
4;6-9-2018;31
4;6-9-2018;21
4;6-9-2018;61
4;6-9-2018;47
4;6-9-2018;67
4;6-9-2018;64
4;6-9-2018;67
4;6-9-2018;65
4;6-9-2018;53
4;6-9-2018;23
4;6-9-2018;20
4;6-9-2018;55
4;6-9-2018;23
4;6-9-2018;21
4;6-9-2018;51
4;6-9-2018;62
4;6-9-2018;66
4;6-9-2018;54
4;6-9-2018;70
4;6-9-2018;63
4;6-9-2018;66
4;6-9-2018;20
4;6-9-2018;60
4;6-9-2018;58
4;6-9-2018;56
4;6-9-2018;60
4;6-9-2018;67
4;6-9-2018;61
4;6-9-2018;59
4;6-9-2018;44
4;6-9-2018;64
4;6-9-2018;56
4;6-9-2018;58
4;7-9-2018;67
4;7-9-2018;63
4;7-9-2018;64
4;7-9-2018;62
4;7-9-2018;69
4;7-9-2018;63
4;7-9-2018;66
4;7-9-2018;63
4;7-9-2018;62
4;7-9-2018;37
4;7-9-2018;59
4;7-9-2018;50
4;7-9-2018;59
4;7-9-2018;49
4;8-9-2018;0
4;9-9-2018;0
4;10-9-2018;0
4;11-9-2018;0
4;12-9-2018;0
4;13-9-2018;0
4;14-9-2018;0
4;15-9-2018;0
4;16-9-2018;0
4;17-9-2018;0
4;18-9-2018;0
4;19-9-2018;0
4;20-9-2018;0
4;21-9-2018;0
